<?xml version="1.0" encoding="UTF-8" standalone="yes"?>
<addon id="plugin.video.kmotion"
       name="Kmotion XBMC"
       version="0.9.1"
       provider-name="K-Net">
  <requires>
    <import addon="xbmc.python" version="2.1.0"/>
    <import addon="script.module.beautifulsoup" version="3.0.8"/>
  </requires>
  <extension point="xbmc.python.pluginsource"
             library="default.py">
    <provides>video</provides>
  </extension>
  <extension point="xbmc.addon.metadata">
    <platform>all</platform>
    <minversion>29000</minversion>
    <language>fr</language>
    <summary>KMotion.fr Video plugin</summary>
    <license>GNU GENERAL PUBLIC LICENSE. Version 3, June 1997</license>
    <website>http://www.kmotion.fr</website>
    <source>https://github.com/WPierre/Kodi-KMotion</source>
    <description lang="fr">Ce plugin permet d'accéder au site de partage de vidéos KMotion.fr. Un compte est nécessaire.
    </description>
    <description lang="en">This plugin allows to access the video-sharing website KMotion.fr. An account is required
    </description>
    <disclaimer lang="fr">Ce plugin est fourni "en l'état" et présente moins de fonctionnalités que le site web.</disclaimer>
    <disclaimer lang="en">This plugin is provided "as-is" et has less functions than the website..</disclaimer>
  </extension>
</addon>

