<?xml version="1.0" encoding="UTF-8" standalone="yes"?>
<addon id="repository.knet" name="XBMC K-Net Addons" version="1.0.6" provider-name="xbmc-knet">
	<extension point="xbmc.addon.repository" name="XBMC K-Net repository">
		<info compressed="false">http://192.168.0.2/kmotion/addons.xml</info>
		<checksum>http://192.168.0.2/kmotion/addons.xml.md5</checksum>
		<datadir zip="false">http://192.168.0.2/kmotion</datadir>
	</extension>
	<extension point="xbmc.addon.metadata">
		<summary>XBMC Addons for K-Net</summary>
		<description>K-Net and K-SYS are French and Swiss internet fiber provider. This repository hosts the XBMC plugins for some of their services. Some of these plugins require a K-Net of K-Sys internet connection to operate !</description>
		<disclaimer>The owners and submitters to this repository do not host or distribute any of the content displayed by these addons nor do they have any affiliation with the content providers.</disclaimer>
		<platform>all</platform>
	</extension>
</addon>
